query	n	m	k	comparisons	tuples	time
R join[R.b=S.b] S	1000	1000	1	1000000	1000	0.00342333
select[a>500](R)	1000	1000	1	1000	499	3.4041e-05
project[b](R)	1000	1000	1	0	1000	8.3416e-05
R join[R.b=S.b] S	2000	2000	1	4000000	2000	0.013112
select[a>500](R)	2000	2000	1	2000	1499	6.15e-05
project[b](R)	2000	2000	1	0	2000	0.000156417
R join[R.b=S.b] S	4000	4000	1	16000000	4000	0.0522233
select[a>500](R)	4000	4000	1	4000	3499	0.000109
project[b](R)	4000	4000	1	0	4000	0.000357416
R join[R.b=S.b] S	8000	8000	1	64000000	8000	0.205812
select[a>500](R)	8000	8000	1	8000	7499	0.000199625
project[b](R)	8000	8000	1	0	8000	0.000609125
R join[R.b=S.b] S	16000	16000	1	256000000	16000	0.820455
select[a>500](R)	16000	16000	1	16000	15499	0.000419959
project[b](R)	16000	16000	1	0	16000	0.00130079
R join[R.b=S.b] S	32000	32000	1	1024000000	32000	3.32019
select[a>500](R)	32000	32000	1	32000	31499	0.000842583
project[b](R)	32000	32000	1	0	32000	0.00262475
R join[R.b=S.b] S	64000	64000	1	4096000000	64000	13.1269
select[a>500](R)	64000	64000	1	64000	63499	0.00160821
project[b](R)	64000	64000	1	0	64000	0.00514
R join[R.b=S.b] S	1000	64000	1	64000000	1000	0.234165
R join[R.b=S.b] S	64000	1000	1	64000000	64000	0.226435
R join[R.b=S.b] S	16000	16000	0	256000000	0	0.832958
project[b](R)	16000	16000	0	0	1	0.00143921
R join[R.b=S.b] S	16000	16000	1	256000000	16000	0.822974
project[b](R)	16000	16000	1	0	16000	0.00126421
R join[R.b=S.b] S	16000	16000	10	256000000	160000	0.832974
project[b](R)	16000	16000	10	0	1600	0.00139567
R join[R.b=S.b] S	16000	16000	100	256000000	1600000	0.939479
project[b](R)	16000	16000	100	0	160	0.00152796
